<?xml version="1.0" encoding="UTF-8"?>
<Entities
 majorVersion="9"
 minorVersion="3"
 universal="password">
    <Things>
        <Thing
         description=""
         documentationContent=""
         effectiveThingPackage="ConfiguredThing"
         enabled="true"
         homeMashup=""
         identifier=""
         inheritedValueStream=""
         name="SpecialWaffle_Helper"
         projectName="PTCDefaultProject"
         published="false"
         tags=""
         thingTemplate="GenericThing"
         valueStream="">
            <avatar></avatar>
            <DesignTimePermissions>
                <Create></Create>
                <Read></Read>
                <Update></Update>
                <Delete></Delete>
                <Metadata></Metadata>
            </DesignTimePermissions>
            <RunTimePermissions></RunTimePermissions>
            <VisibilityPermissions>
                <Visibility></Visibility>
            </VisibilityPermissions>
            <ConfigurationTableDefinitions></ConfigurationTableDefinitions>
            <ConfigurationTables></ConfigurationTables>
            <ThingShape>
                <PropertyDefinitions>
                    <PropertyDefinition
                     aspect.cacheTime="0.0"
                     aspect.dataChangeType="VALUE"
                     aspect.defaultValue="SpecialWaffle_RemoteThing"
                     aspect.isPersistent="true"
                     baseType="STRING"
                     category=""
                     description=""
                     isLocalOnly="false"
                     name="remoteThingName"
                     ordinal="2"></PropertyDefinition>
                </PropertyDefinitions>
                <ServiceDefinitions>
                    <ServiceDefinition
                     aspect.isAsync="false"
                     category=""
                     description=""
                     isAllowOverride="false"
                     isLocalOnly="false"
                     isOpen="false"
                     isPrivate="false"
                     name="CreateRemoteThing">
                        <ResultType
                         baseType="NOTHING"
                         description=""
                         name="result"
                         ordinal="0"></ResultType>
                        <ParameterDefinitions></ParameterDefinitions>
                    </ServiceDefinition>
                    <ServiceDefinition
                     aspect.isAsync="false"
                     category=""
                     description=""
                     isAllowOverride="false"
                     isLocalOnly="false"
                     isOpen="false"
                     isPrivate="false"
                     name="ExampleService">
                        <ResultType
                         baseType="INFOTABLE"
                         description=""
                         name="result"
                         ordinal="0"></ResultType>
                        <ParameterDefinitions>
                            <FieldDefinition
                             baseType="STRING"
                             description=""
                             name="name"
                             ordinal="1"></FieldDefinition>
                        </ParameterDefinitions>
                    </ServiceDefinition>
                </ServiceDefinitions>
                <EventDefinitions></EventDefinitions>
                <ServiceMappings></ServiceMappings>
                <ServiceImplementations>
                    <ServiceImplementation
                     description=""
                     handlerName="Script"
                     name="CreateRemoteThing">
                        <ConfigurationTables>
                            <ConfigurationTable
                             dataShapeName=""
                             description=""
                             isMultiRow="false"
                             name="Script"
                             ordinal="0">
                                <DataShape>
                                    <FieldDefinitions>
                                        <FieldDefinition
                                         baseType="STRING"
                                         description="code"
                                         name="code"
                                         ordinal="0"></FieldDefinition>
                                    </FieldDefinitions>
                                </DataShape>
                                <Rows>
                                    <Row>
                                        <code>
                                        <![CDATA[
                                        var thingName = me.remoteThingName;
                                        
                                        function AddRemoteServices(){
                                            var remoteMetadata = Things[thingName].GetRemoteMetadata();
                                            var services = Object.keys(remoteMetadata.serviceDefinitions);
                                        
                                            for(var i = 0; i < services.length; i++){
                                                var temp = { dataShape: { fieldDefinitions : {} }, rows: [] };
                                                temp.dataShape.fieldDefinitions['baseType'] = {name: "baseType", description: "baseType", baseType: "STRING", ordinal: 0, aspects: {}};
                                                temp.dataShape.fieldDefinitions['description'] = {name: "description", description: "description", baseType: "STRING", ordinal: 0, aspects: {}};
                                                temp.dataShape.fieldDefinitions['name'] = {name: "name", description: "name", baseType: "STRING", ordinal: 0, aspects: {}};
                                                temp.dataShape.fieldDefinitions['ordinal'] = {name: "ordinal", description: "ordinal", baseType: "INTEGER", ordinal: 0, aspects: {}};
                                        
                                                var resultTemp = { dataShape: { fieldDefinitions : {} }, rows: [] };
                                                resultTemp.dataShape.fieldDefinitions['baseType'] = {name: "baseType", description: "baseType", baseType: "STRING", ordinal: 0, aspects: {}};
                                                resultTemp.dataShape.fieldDefinitions['description'] = {name: "description", description: "description", baseType: "STRING", ordinal: 0, aspects: {}};
                                                resultTemp.dataShape.fieldDefinitions['name'] = {name: "name", description: "name", baseType: "STRING", ordinal: 0, aspects: {}};
                                                resultTemp.dataShape.fieldDefinitions['ordinal'] = {name: "ordinal", description: "ordinal", baseType: "INTEGER", ordinal: 0, aspects: {}};
                                        
                                                var serviceName = services[i];
                                        
                                                var inputs = Object.keys(remoteMetadata.serviceDefinitions[serviceName].Inputs.fieldDefinitions);
                                                for(var j = 0; j < inputs.length; j++){
                                                    var fieldName = inputs[j];
                                                    temp.rows.push(remoteMetadata.serviceDefinitions[serviceName].Inputs.fieldDefinitions[fieldName]);
                                                }
                                        		
                                        		var resultType = {
                                        			"name": remoteMetadata.serviceDefinitions[serviceName].Outputs.name,
                                        			"aspects": {},
                                        			"description": "",
                                        			"baseType": remoteMetadata.serviceDefinitions[serviceName].Outputs.baseType,
                                        			"ordinal": 0
                                        		};
                                        		
                                        		resultTemp.rows.push(resultType);
                                        
                                                Things[thingName].AddServiceDefinition({
                                                    name: serviceName /* STRING */,
                                                    description: remoteMetadata.serviceDefinitions[serviceName].description /* STRING */,
                                                    remoteServiceName: serviceName /* STRING */,
                                                    category: remoteMetadata.serviceDefinitions[serviceName].category /* STRING */,
                                                    remote: true /* BOOLEAN */,
                                                    parameters: temp /* INFOTABLE */,
                                                    resultType: resultTemp /* INFOTABLE */,
                                                    timeout: undefined /* INTEGER */
                                                });
                                            }
                                        }
                                        
                                        function CreateRemoteThing(){
                                            Resources["EntityServices"].CreateThing({
                                                name: thingName /* STRING */,
                                                description: undefined /* STRING */,
                                                thingTemplateName: "RemoteThing" /* THINGTEMPLATENAME */,
                                                tags: undefined /* TAGS */
                                            });
                                        
                                            Things[thingName].EnableThing();
                                            Things[thingName].RestartThing();
                                        
                                            AddRemoteServices();
                                        }
                                        
                                        if (!Things[thingName]) {
                                            CreateRemoteThing();
                                        } else {
                                            Resources["EntityServices"].DeleteThing({
                                                name: thingName /* THINGNAME */
                                            });
                                        
                                            CreateRemoteThing();
                                        }
                                        ]]>
                                        </code>
                                    </Row>
                                </Rows>
                            </ConfigurationTable>
                        </ConfigurationTables>
                    </ServiceImplementation>
                    <ServiceImplementation
                     description=""
                     handlerName="Script"
                     name="ExampleService">
                        <ConfigurationTables>
                            <ConfigurationTable
                             dataShapeName=""
                             description=""
                             isMultiRow="false"
                             name="Script"
                             ordinal="0">
                                <DataShape>
                                    <FieldDefinitions>
                                        <FieldDefinition
                                         baseType="STRING"
                                         description="code"
                                         name="code"
                                         ordinal="0"></FieldDefinition>
                                    </FieldDefinitions>
                                </DataShape>
                                <Rows>
                                    <Row>
                                        <code>
                                        <![CDATA[
                                        function getRandomArbitrary(min, max) {
                                            return Math.random() * (max - min + 1) + min;
                                        }
                                        
                                        function getRandomLong() {
                                            let foo = '';
                                            foo += Math.floor(Math.random() * 8);
                                            for(let i=1; i<19; ++i) foo += Math.floor(Math.random() * 10);
                                            return foo;
                                        }
                                        
                                        var result = { dataShape: { fieldDefinitions : {} }, rows: [] };
                                        result.dataShape.fieldDefinitions['anyInt32Val'] = { name: 'anyInt32Val', baseType: 'INTEGER' };
                                        result.dataShape.fieldDefinitions['anyInt64Val'] = { name: 'anyInt64Val', baseType: 'LONG' };
                                        result.dataShape.fieldDefinitions['anyStringVal'] = { name: 'anyStringVal', baseType: 'STRING' };
                                        result.dataShape.fieldDefinitions['anyBoolVal'] = { name: 'anyBoolVal', baseType: 'BOOLEAN' };
                                        
                                        let numberOfRecords = getRandomArbitrary(1, 20);
                                        
                                        for(let x = 0; x <= numberOfRecords; x++) {
                                            let newRow = new Object();
                                            newRow['anyInt32Val'] = getRandomArbitrary(1, 5000);
                                            newRow['anyInt64Val'] = getRandomLong();
                                            newRow['anyStringVal'] = name + ". Record nr: " + x;
                                            newRow['anyBoolVal'] = Math.random() < 0.5;
                                            result.rows.push(newRow);
                                        }
                                        ]]>
                                        </code>
                                    </Row>
                                </Rows>
                            </ConfigurationTable>
                        </ConfigurationTables>
                    </ServiceImplementation>
                </ServiceImplementations>
                <Subscriptions></Subscriptions>
            </ThingShape>
            <PropertyBindings></PropertyBindings>
            <RemotePropertyBindings></RemotePropertyBindings>
            <RemoteServiceBindings></RemoteServiceBindings>
            <RemoteEventBindings></RemoteEventBindings>
            <AlertConfigurations>
                <AlertDefinitions
                 name="remoteThingName"></AlertDefinitions>
            </AlertConfigurations>
            <ImplementedShapes></ImplementedShapes>
            <ThingProperties>
                <remoteThingName>
                    <Value>
                    <![CDATA[
                    SpecialWaffle_RemoteThing
                    ]]>
                    </Value>
                    <Timestamp>2023-02-03T11:01:00.668Z</Timestamp>
                    <Quality>GOOD</Quality>
                </remoteThingName>
            </ThingProperties>
        </Thing>
    </Things>
</Entities>
